coding,fun,learning,love,machine
0.0,0.0,0.5773502691896257,0.5773502691896257,0.5773502691896257
0.0,0.680918560398684,0.5178561161676974,0.0,0.5178561161676974
0.7959605415681652,0.0,0.0,0.6053485081062916,0.0
